飯店名,價格
暮雲商旅,"4,422"
丰森酒店,"4,555"
由扉寓所-逢甲舘,"5,272"
春樹商旅,"5,067"
三好行旅,"3,127"
探索私旅,無價格
麻雀巢行旅,"2,128"
雲端商務旅館,"2,867"
高苑商務旅館中正店,"1,739"
林酒店,"8,038"
永豐棧酒店,"3,992"
塔木德酒店 Classic 台灣大道館,"3,279"
MINI HOTELS - 逢甲館,"4,594"
星漾商旅 - 台中一中館,"2,178"
塔木德酒店 CLASSIC 台中火車站館,"4,474"
台中大毅老爺行旅,"4,915"
塔木德酒店Choice 台中公園館,"1,476"
葉綠宿-茶覺旅,無價格
中科大飯店,"7,774"
鳥人創意旅店,"3,233"
台中福華大飯店,"4,359"
新通豪大飯店,"2,901"
采寓,"4,319"
一中慢漫呆,"2,259"
雀客旅館 台中來來,"3,227"
水雲端旗艦概念旅館,"2,856"
烏日璞旅,"6,805"
台中東旅,無價格
富王大飯店,"2,195"
威汀城市酒店,"2,884"
凝萃文旅 台中車站店,"2,061"
雀客旅館台中黎明,"2,737"
We2大飯店,"2,746"
潣鑫旅居,"2,213"
台中金典酒店,"4,275"
天韻精品旅館,"4,774"
台中日月千禧酒店,"5,569"
享得道HOTEL,無價格
LIANN Hotel 黎安商旅,"1,732"
紫禁城MOTEL主題會館(臺中市旅館343號),"2,273"
台中旭日文旅,"1,737"
雲河概念旅館,"3,147"
葉綠宿一中館(一中漫走),"3,005"
天閣酒店台中館,"4,545"
旅居文旅-台中文心館,"3,959"
草悟道文旅,"3,284"
福爾摩沙聯盟草悟道酒店,"2,805"
赫絲珀HSR高鐵行旅,"2,665"
橙居台中,"2,776"
森朵文旅 Santor Hotel,"3,426"
KUN Hotel逢甲,無價格
西悠巢旅臺中霧峰交響樂館,"2,035"
薆悅酒店五權館,"4,147"
宿野行旅,"3,829"
雀客旅館台中青海,"2,833"
雲月精品會館,"2,645"
水舞行館,"3,665"
逢甲微行商旅,"3,694"
極光情境旅館,"3,573"
碧根逢甲酒店,"5,712"
KUN Tour Hotel逢甲,無價格
豐邑逢甲商旅,"3,325"
台中鳳凰酒店,"3,125"
荷米旅居,"2,660"
皇星商旅 上安館,"2,198"
康茵行旅高鐵飯店,"2,323"
賀緹酒店,"3,710"
沐夏會館,"4,341"
TALMUD Select伯達行旅,"2,976"
涵館汽車旅館,"2,493"
雙星大飯店,無價格
53行館,"2,367"
17逢甲住宿,"1,304"
雀客旅館台中文心中清,"3,094"
羅馬假期汽車旅館,"2,128"
麗寶樂園- T11/T12賽車主題旅店,"3,668"
鵲絲旅店,"2,579"
Hotel 7 逢甲,"3,543"
台中裕元花園酒店,"5,380"
漢彌敦大飯店,"2,724"
全國大飯店,無價格
台中朝聖行旅,"2,360"
新藍天旅棧,"3,618"
小鹿之家,"2,357"
葉綠宿站前館-川閱,"2,167"
薆悅酒店台中館,"4,294"
杜拜風情時尚旅館,"2,372"
圖樂文旅,"3,636"
Hotel Z 逢甲,"5,048"
雀客旅館台中自由,"2,693"
Feng Jia 25 Hotel,"2,214"
沐蘭精品旅館-台中館,"4,590"
皇星商旅中港館,"2,273"
MINI HOTELS - 台中火車站館,"2,464"
Unique Hotel 微笑73旅店,"2,403"
歐酷酒店,"9,921"
