網址,標題,作者
/bbs/Gossiping/M.1789183199.A.6FC.html,[問卦] 罵歸罵 gemini對窮人還是最友善啊,cchh179
/bbs/Gossiping/M.1789183253.A.F10.html,Re: [問卦] 是不是該出個軍旅營隊？,lpbrother
/bbs/Gossiping/M.1789183324.A.7AE.html,[問卦] 一對a跟中指女台男要選誰,forgoer7961
/bbs/Gossiping/M.1789183507.A.49A.html,[新聞] 北海道十勝岳火山警戒升3級！火山地震激,indigowaltz
/bbs/Gossiping/M.1789183524.A.825.html,[問卦] 總統很愛跳舞怎麼辦,xz4979265
/bbs/Gossiping/M.1789183527.A.89A.html,Re: [爆卦] AI近期內有可能會毀滅人類,bota
/bbs/Gossiping/M.1789183548.A.ECE.html,[新聞]「感受滿滿新潮流」激對立？蔣萬安反嗆沈,chun0303
/bbs/Gossiping/M.1789183591.A.6D4.html,Re: [問卦] 秦檜除了構陷岳飛 真的有賣國嗎？,songgood
/bbs/Gossiping/M.1789183731.A.296.html,[新聞]網友發文嗆「殺垃圾總統賴清德」法院1原因,leocean9816
/bbs/Gossiping/M.1789183871.A.4EB.html,Re: [問卦] 軍武板：這仗我們不打，就是我們下一代打,TouchAgain
/bbs/Gossiping/M.1789183908.A.819.html,[問卦] 你是美光員工拿到錢會先做什麼？？,Beanoodle
/bbs/Gossiping/M.1789183958.A.DB0.html,[新聞]昔預言沈伯洋拿50萬票！黃暐瀚再讚「洋流,Taiwan007
/bbs/Gossiping/M.1789183962.A.CF6.html,[問卦] 脆上的女孩都很敢露欸,Max0406
/bbs/Gossiping/M.1789183981.A.2F2.html,[新聞] 他喊「下面快癢死」！醫驚見「千顆白點,monniea
/bbs/Gossiping/M.1789184033.A.F37.html,[新聞] 人妻玩寶可夢！幫網友「清槍」8次,blackman451
/bbs/Gossiping/M.1789184058.A.498.html,Re: [問卦] 當初科樂美排泄小島秀夫是明智的吧,tools
/bbs/Gossiping/M.1771671779.A.6ED.html,[公告] 八卦板板規(2026.02.21),ubcs
/bbs/Gossiping/M.1785411172.A.97C.html,[公告] 禁止三立新聞張貼一年、鏡相關媒體加罰,ubcs
/bbs/Gossiping/M.1788839361.A.879.html,Fw: [情報] 44屆小天使招考（9/7～9/16）發錢宣導,ubcs
