標題,超連結
XPath - 維基百科，自由的百科全書,https://www.google.com/goto?url=CAESXAHrOzAVj1v3g-MDqQWcGUspmchTWFEEN2PCZ5Mq0Mr21sYbXjixhinxiCPG3LKDb722pOXXF78WVj8Dv0z5mJkN-61nKcepTmlLNEJluCLJyCjgn9w4WNXgnVaI
XPath 教程| 菜鸟教程,https://www.google.com/goto?url=CAESaAHrOzAVy_ZK37YJSthg0MzjME5AID0zNM_QD0A3okOckkmcVC56iu6E1X5TGak4_cAqTBhAscevr5iHQ-lwPBe-2S83RXsBdaEq4S6khxzKCYUA4hLKlLLDvxaFFCw08_jiwt2dtEst
XPath 入門指南：輕鬆理解網頁數據抓取,https://www.google.com/goto?url=CAESWgHrOzAVF64niaXMY42X5Jfj2t65jnOtVyOEI3BL1qq3rkjI4XVI4Izi7oyew-Lj9t3hEi65z2Z2_699DH5_2PSxC3QNOc40527XVYqlivqELjNkabqjsKtFGw
[Day 10]seleium的XPath用法 - iT 邦幫忙,https://www.google.com/goto?url=CAESaAHrOzAVf2mDBYXuQoGRP0_M8kCuUSAd0iDSH63jamfvvONnkdDp6lH3Q_PsrXaWGC8QTWSs1-6IgNWLoTpVggz6e9tp0MoIpEd0o6x2GHL06aGMyNtMi89ygpOz6Q75p4nxJ5ZGSqg3
XPath Tutorial,https://www.google.com/goto?url=CAESZQHrOzAV62ezIAfsasSNZWA2nQ0G3hZL8YFv6eDUdpuWRw0zhm_Q85MmLbFzANRjByn40csTJIx1hyEoKFvMZhfTk32cP91IRTtl5pkrhKcxuN1kDGuE0kep7y916zxzKKbcQ2zW
XPath 概觀,https://www.google.com/goto?url=CAESfwHrOzAVcwCN43jXDsjkrVmkYgmiEoFN3gpX9ncR0VgzVjAUmo_EQj-UkyoEpu7dt8cJEw3pEAQt4lMesfPUMxfYb7NEB2JgHU_y5EBxtSEccfwKWWkIy-fXmmE5sQph9d-6dTQ3JCLTOUQvG396_0mkEm3841aObUny71mn290
XPath - XML - MDN Web Docs,https://www.google.com/goto?url=CAESbgHrOzAVgPEI9v57ePGgU8-FUW17cQBnSHDlwBLBTM2ZBLIrEr70iVgjbJSKgkzkKIjcly2oqawrLlTUIOcogMFc6wdj7XnVLhnaIBriganV4X_LyGnR4VZOUJxcERHBiRCOpVTve6XCHlWXJtri
什麼是XPath,https://www.google.com/goto?url=CAESbAHrOzAVCmTGw74RLK3STUCadLVwdCMwqP639_rGWiHbqa-jT0hKeW2yYlTfyLCJvGASUtM66UWF4XjOPWLKHFkJatOxytu561RpwfI1rC-umWdQpxUnIznr_QCo_S2uLp89hwIdZlUCVkhISA
xpath cover page,https://www.google.com/goto?url=CAESVAHrOzAVOrQiwuV2ZEW-rF0eGp_4jKwcTm2NQd2N-xvNwyUBl90ZJO-aC5KTmVXPAJZ8kjZMQaZ8b4Xl5wT4aqbEep85nfi9JeRFyep-zfrvSmSGcQ
