幣別,現金買入,現金賣出,即期買入,即期賣出
美金 (USD),31.505,32.175,31.855,31.955
港幣 (HKD),3.909,4.113,4.035,4.095
英鎊 (GBP),40.92,43.04,41.93,42.33
澳幣 (AUD),21.78,22.56,22.07,22.27
加拿大幣 (CAD),21.88,22.79,22.28,22.48
新加坡幣 (SGD),24.34,25.25,24.83,25.01
瑞士法郎 (CHF),37.48,38.68,38.16,38.41
日圓 (JPY),0.1925,0.2053,0.1998,0.2038
南非幣 (ZAR),-,-,1.874,1.954
瑞典幣 (SEK),-,-,3.14,3.24
紐元 (NZD),17.38,18.23,17.76,17.96
泰幣 (THB),0.8196,1.0096,0.933,0.973
菲國比索 (PHP),0.4425,0.5745,-,-
印尼幣 (IDR),0.00143,0.00213,-,-
歐元 (EUR),34.92,36.26,35.54,35.94
韓元 (KRW),0.02212,0.02602,-,-
越南盾 (VND),0.00101,0.00142,-,-
馬來幣 (MYR),6.777,8.302,-,-
人民幣 (CNY),4.663,4.825,4.735,4.785
